experiment,model,split,metric,value,source_file,source_field,verification_status,notes
ROI three-model formal comparison,ImageNet Baseline,test,loss,0.604004159373,outputs/raddino_convnext_tiny_three_model_comparison_seed42/tables/overall_metrics_comparison.csv,baseline,verified,
ROI three-model formal comparison,RAD-DINO CLS Proposed,test,loss,0.531535144682,outputs/raddino_convnext_tiny_three_model_comparison_seed42/tables/overall_metrics_comparison.csv,cls_proposed,verified,
ROI three-model formal comparison,RAD-DINO Patch Proposed,test,loss,0.521369605600,outputs/raddino_convnext_tiny_three_model_comparison_seed42/tables/overall_metrics_comparison.csv,patch_proposed,verified,
ROI three-model formal comparison,cls_minus_baseline,test,loss_difference,-0.072469014691,outputs/raddino_convnext_tiny_three_model_comparison_seed42/tables/overall_metrics_comparison.csv,cls_minus_baseline,verified,
ROI three-model formal comparison,patch_minus_baseline,test,loss_difference,-0.082634553773,outputs/raddino_convnext_tiny_three_model_comparison_seed42/tables/overall_metrics_comparison.csv,patch_minus_baseline,verified,
ROI three-model formal comparison,patch_minus_cls,test,loss_difference,-0.010165539082,outputs/raddino_convnext_tiny_three_model_comparison_seed42/tables/overall_metrics_comparison.csv,patch_minus_cls,verified,
ROI three-model formal comparison,ImageNet Baseline,test,accuracy,0.799559471366,outputs/raddino_convnext_tiny_three_model_comparison_seed42/tables/overall_metrics_comparison.csv,baseline,verified,
ROI three-model formal comparison,RAD-DINO CLS Proposed,test,accuracy,0.792951541850,outputs/raddino_convnext_tiny_three_model_comparison_seed42/tables/overall_metrics_comparison.csv,cls_proposed,verified,
ROI three-model formal comparison,RAD-DINO Patch Proposed,test,accuracy,0.799559471366,outputs/raddino_convnext_tiny_three_model_comparison_seed42/tables/overall_metrics_comparison.csv,patch_proposed,verified,
ROI three-model formal comparison,cls_minus_baseline,test,accuracy_difference,-0.006607929515,outputs/raddino_convnext_tiny_three_model_comparison_seed42/tables/overall_metrics_comparison.csv,cls_minus_baseline,verified,
ROI three-model formal comparison,patch_minus_baseline,test,accuracy_difference,0.000000000000,outputs/raddino_convnext_tiny_three_model_comparison_seed42/tables/overall_metrics_comparison.csv,patch_minus_baseline,verified,
ROI three-model formal comparison,patch_minus_cls,test,accuracy_difference,0.006607929515,outputs/raddino_convnext_tiny_three_model_comparison_seed42/tables/overall_metrics_comparison.csv,patch_minus_cls,verified,
ROI three-model formal comparison,ImageNet Baseline,test,macro_precision,0.808540135245,outputs/raddino_convnext_tiny_three_model_comparison_seed42/tables/overall_metrics_comparison.csv,baseline,verified,
ROI three-model formal comparison,RAD-DINO CLS Proposed,test,macro_precision,0.801058171939,outputs/raddino_convnext_tiny_three_model_comparison_seed42/tables/overall_metrics_comparison.csv,cls_proposed,verified,
ROI three-model formal comparison,RAD-DINO Patch Proposed,test,macro_precision,0.808109785784,outputs/raddino_convnext_tiny_three_model_comparison_seed42/tables/overall_metrics_comparison.csv,patch_proposed,verified,
ROI three-model formal comparison,cls_minus_baseline,test,macro_precision_difference,-0.007481963306,outputs/raddino_convnext_tiny_three_model_comparison_seed42/tables/overall_metrics_comparison.csv,cls_minus_baseline,verified,
ROI three-model formal comparison,patch_minus_baseline,test,macro_precision_difference,-0.000430349461,outputs/raddino_convnext_tiny_three_model_comparison_seed42/tables/overall_metrics_comparison.csv,patch_minus_baseline,verified,
ROI three-model formal comparison,patch_minus_cls,test,macro_precision_difference,0.007051613845,outputs/raddino_convnext_tiny_three_model_comparison_seed42/tables/overall_metrics_comparison.csv,patch_minus_cls,verified,
ROI three-model formal comparison,ImageNet Baseline,test,macro_recall,0.820978791183,outputs/raddino_convnext_tiny_three_model_comparison_seed42/tables/overall_metrics_comparison.csv,baseline,verified,
ROI three-model formal comparison,RAD-DINO CLS Proposed,test,macro_recall,0.812305618909,outputs/raddino_convnext_tiny_three_model_comparison_seed42/tables/overall_metrics_comparison.csv,cls_proposed,verified,
ROI three-model formal comparison,RAD-DINO Patch Proposed,test,macro_recall,0.809663859900,outputs/raddino_convnext_tiny_three_model_comparison_seed42/tables/overall_metrics_comparison.csv,patch_proposed,verified,
ROI three-model formal comparison,cls_minus_baseline,test,macro_recall_difference,-0.008673172274,outputs/raddino_convnext_tiny_three_model_comparison_seed42/tables/overall_metrics_comparison.csv,cls_minus_baseline,verified,
ROI three-model formal comparison,patch_minus_baseline,test,macro_recall_difference,-0.011314931283,outputs/raddino_convnext_tiny_three_model_comparison_seed42/tables/overall_metrics_comparison.csv,patch_minus_baseline,verified,
ROI three-model formal comparison,patch_minus_cls,test,macro_recall_difference,-0.002641759010,outputs/raddino_convnext_tiny_three_model_comparison_seed42/tables/overall_metrics_comparison.csv,patch_minus_cls,verified,
ROI three-model formal comparison,ImageNet Baseline,test,macro_f1,0.807999579266,outputs/raddino_convnext_tiny_three_model_comparison_seed42/tables/overall_metrics_comparison.csv,baseline,verified,
ROI three-model formal comparison,RAD-DINO CLS Proposed,test,macro_f1,0.801748192622,outputs/raddino_convnext_tiny_three_model_comparison_seed42/tables/overall_metrics_comparison.csv,cls_proposed,verified,
ROI three-model formal comparison,RAD-DINO Patch Proposed,test,macro_f1,0.805259370123,outputs/raddino_convnext_tiny_three_model_comparison_seed42/tables/overall_metrics_comparison.csv,patch_proposed,verified,
ROI three-model formal comparison,cls_minus_baseline,test,macro_f1_difference,-0.006251386644,outputs/raddino_convnext_tiny_three_model_comparison_seed42/tables/overall_metrics_comparison.csv,cls_minus_baseline,verified,
ROI three-model formal comparison,patch_minus_baseline,test,macro_f1_difference,-0.002740209143,outputs/raddino_convnext_tiny_three_model_comparison_seed42/tables/overall_metrics_comparison.csv,patch_minus_baseline,verified,
ROI three-model formal comparison,patch_minus_cls,test,macro_f1_difference,0.003511177502,outputs/raddino_convnext_tiny_three_model_comparison_seed42/tables/overall_metrics_comparison.csv,patch_minus_cls,verified,
ROI three-model formal comparison,ImageNet Baseline,test,weighted_f1,0.790428159968,outputs/raddino_convnext_tiny_three_model_comparison_seed42/tables/overall_metrics_comparison.csv,baseline,verified,
ROI three-model formal comparison,RAD-DINO CLS Proposed,test,weighted_f1,0.784409792305,outputs/raddino_convnext_tiny_three_model_comparison_seed42/tables/overall_metrics_comparison.csv,cls_proposed,verified,
ROI three-model formal comparison,RAD-DINO Patch Proposed,test,weighted_f1,0.791780305482,outputs/raddino_convnext_tiny_three_model_comparison_seed42/tables/overall_metrics_comparison.csv,patch_proposed,verified,
ROI three-model formal comparison,cls_minus_baseline,test,weighted_f1_difference,-0.006018367664,outputs/raddino_convnext_tiny_three_model_comparison_seed42/tables/overall_metrics_comparison.csv,cls_minus_baseline,verified,
ROI three-model formal comparison,patch_minus_baseline,test,weighted_f1_difference,0.001352145514,outputs/raddino_convnext_tiny_three_model_comparison_seed42/tables/overall_metrics_comparison.csv,patch_minus_baseline,verified,
ROI three-model formal comparison,patch_minus_cls,test,weighted_f1_difference,0.007370513177,outputs/raddino_convnext_tiny_three_model_comparison_seed42/tables/overall_metrics_comparison.csv,patch_minus_cls,verified,
ROI three-model formal comparison,ImageNet Baseline,test,macro_auroc,0.948420218737,outputs/raddino_convnext_tiny_three_model_comparison_seed42/tables/overall_metrics_comparison.csv,baseline,verified,
ROI three-model formal comparison,RAD-DINO CLS Proposed,test,macro_auroc,0.950664535571,outputs/raddino_convnext_tiny_three_model_comparison_seed42/tables/overall_metrics_comparison.csv,cls_proposed,verified,
ROI three-model formal comparison,RAD-DINO Patch Proposed,test,macro_auroc,0.950580781191,outputs/raddino_convnext_tiny_three_model_comparison_seed42/tables/overall_metrics_comparison.csv,patch_proposed,verified,
ROI three-model formal comparison,cls_minus_baseline,test,macro_auroc_difference,0.002244316834,outputs/raddino_convnext_tiny_three_model_comparison_seed42/tables/overall_metrics_comparison.csv,cls_minus_baseline,verified,
ROI three-model formal comparison,patch_minus_baseline,test,macro_auroc_difference,0.002160562455,outputs/raddino_convnext_tiny_three_model_comparison_seed42/tables/overall_metrics_comparison.csv,patch_minus_baseline,verified,
ROI three-model formal comparison,patch_minus_cls,test,macro_auroc_difference,-0.000083754379,outputs/raddino_convnext_tiny_three_model_comparison_seed42/tables/overall_metrics_comparison.csv,patch_minus_cls,verified,
ROI three-model formal comparison,ImageNet Baseline,validation,completed_epochs,25,outputs/raddino_convnext_tiny_three_model_comparison_seed42/tables/validation_metrics_comparison.csv,baseline,verified,
ROI three-model formal comparison,RAD-DINO CLS Proposed,validation,completed_epochs,19,outputs/raddino_convnext_tiny_three_model_comparison_seed42/tables/validation_metrics_comparison.csv,cls_proposed,verified,
ROI three-model formal comparison,RAD-DINO Patch Proposed,validation,completed_epochs,14,outputs/raddino_convnext_tiny_three_model_comparison_seed42/tables/validation_metrics_comparison.csv,patch_proposed,verified,
ROI three-model formal comparison,cls_minus_baseline,validation,completed_epochs_difference,-6,outputs/raddino_convnext_tiny_three_model_comparison_seed42/tables/validation_metrics_comparison.csv,cls_minus_baseline,verified,
ROI three-model formal comparison,patch_minus_baseline,validation,completed_epochs_difference,-11,outputs/raddino_convnext_tiny_three_model_comparison_seed42/tables/validation_metrics_comparison.csv,patch_minus_baseline,verified,
ROI three-model formal comparison,patch_minus_cls,validation,completed_epochs_difference,-5,outputs/raddino_convnext_tiny_three_model_comparison_seed42/tables/validation_metrics_comparison.csv,patch_minus_cls,verified,
ROI three-model formal comparison,ImageNet Baseline,validation,best_epoch,19,outputs/raddino_convnext_tiny_three_model_comparison_seed42/tables/validation_metrics_comparison.csv,baseline,verified,
ROI three-model formal comparison,RAD-DINO CLS Proposed,validation,best_epoch,9,outputs/raddino_convnext_tiny_three_model_comparison_seed42/tables/validation_metrics_comparison.csv,cls_proposed,verified,
ROI three-model formal comparison,RAD-DINO Patch Proposed,validation,best_epoch,4,outputs/raddino_convnext_tiny_three_model_comparison_seed42/tables/validation_metrics_comparison.csv,patch_proposed,verified,
ROI three-model formal comparison,cls_minus_baseline,validation,best_epoch_difference,-10,outputs/raddino_convnext_tiny_three_model_comparison_seed42/tables/validation_metrics_comparison.csv,cls_minus_baseline,verified,
ROI three-model formal comparison,patch_minus_baseline,validation,best_epoch_difference,-15,outputs/raddino_convnext_tiny_three_model_comparison_seed42/tables/validation_metrics_comparison.csv,patch_minus_baseline,verified,
ROI three-model formal comparison,patch_minus_cls,validation,best_epoch_difference,-5,outputs/raddino_convnext_tiny_three_model_comparison_seed42/tables/validation_metrics_comparison.csv,patch_minus_cls,verified,
ROI three-model formal comparison,ImageNet Baseline,validation,best_validation_loss,0.351716048392,outputs/raddino_convnext_tiny_three_model_comparison_seed42/tables/validation_metrics_comparison.csv,baseline,verified,
ROI three-model formal comparison,RAD-DINO CLS Proposed,validation,best_validation_loss,0.332793268076,outputs/raddino_convnext_tiny_three_model_comparison_seed42/tables/validation_metrics_comparison.csv,cls_proposed,verified,
ROI three-model formal comparison,RAD-DINO Patch Proposed,validation,best_validation_loss,0.327109832333,outputs/raddino_convnext_tiny_three_model_comparison_seed42/tables/validation_metrics_comparison.csv,patch_proposed,verified,
ROI three-model formal comparison,cls_minus_baseline,validation,best_validation_loss_difference,-0.018922780316,outputs/raddino_convnext_tiny_three_model_comparison_seed42/tables/validation_metrics_comparison.csv,cls_minus_baseline,verified,
ROI three-model formal comparison,patch_minus_baseline,validation,best_validation_loss_difference,-0.024606216059,outputs/raddino_convnext_tiny_three_model_comparison_seed42/tables/validation_metrics_comparison.csv,patch_minus_baseline,verified,
ROI three-model formal comparison,patch_minus_cls,validation,best_validation_loss_difference,-0.005683435743,outputs/raddino_convnext_tiny_three_model_comparison_seed42/tables/validation_metrics_comparison.csv,patch_minus_cls,verified,
ROI three-model formal comparison,ImageNet Baseline,validation,validation_accuracy,0.825991189427,outputs/raddino_convnext_tiny_three_model_comparison_seed42/tables/validation_metrics_comparison.csv,baseline,verified,
ROI three-model formal comparison,RAD-DINO CLS Proposed,validation,validation_accuracy,0.839207048458,outputs/raddino_convnext_tiny_three_model_comparison_seed42/tables/validation_metrics_comparison.csv,cls_proposed,verified,
ROI three-model formal comparison,RAD-DINO Patch Proposed,validation,validation_accuracy,0.837004405286,outputs/raddino_convnext_tiny_three_model_comparison_seed42/tables/validation_metrics_comparison.csv,patch_proposed,verified,
ROI three-model formal comparison,cls_minus_baseline,validation,validation_accuracy_difference,0.013215859031,outputs/raddino_convnext_tiny_three_model_comparison_seed42/tables/validation_metrics_comparison.csv,cls_minus_baseline,verified,
ROI three-model formal comparison,patch_minus_baseline,validation,validation_accuracy_difference,0.011013215859,outputs/raddino_convnext_tiny_three_model_comparison_seed42/tables/validation_metrics_comparison.csv,patch_minus_baseline,verified,
ROI three-model formal comparison,patch_minus_cls,validation,validation_accuracy_difference,-0.002202643172,outputs/raddino_convnext_tiny_three_model_comparison_seed42/tables/validation_metrics_comparison.csv,patch_minus_cls,verified,
ROI three-model formal comparison,ImageNet Baseline,validation,validation_macro_f1,0.836080455468,outputs/raddino_convnext_tiny_three_model_comparison_seed42/tables/validation_metrics_comparison.csv,baseline,verified,
ROI three-model formal comparison,RAD-DINO CLS Proposed,validation,validation_macro_f1,0.845777577848,outputs/raddino_convnext_tiny_three_model_comparison_seed42/tables/validation_metrics_comparison.csv,cls_proposed,verified,
ROI three-model formal comparison,RAD-DINO Patch Proposed,validation,validation_macro_f1,0.842099659668,outputs/raddino_convnext_tiny_three_model_comparison_seed42/tables/validation_metrics_comparison.csv,patch_proposed,verified,
ROI three-model formal comparison,cls_minus_baseline,validation,validation_macro_f1_difference,0.009697122380,outputs/raddino_convnext_tiny_three_model_comparison_seed42/tables/validation_metrics_comparison.csv,cls_minus_baseline,verified,
ROI three-model formal comparison,patch_minus_baseline,validation,validation_macro_f1_difference,0.006019204200,outputs/raddino_convnext_tiny_three_model_comparison_seed42/tables/validation_metrics_comparison.csv,patch_minus_baseline,verified,
ROI three-model formal comparison,patch_minus_cls,validation,validation_macro_f1_difference,-0.003677918180,outputs/raddino_convnext_tiny_three_model_comparison_seed42/tables/validation_metrics_comparison.csv,patch_minus_cls,verified,
ROI three-model formal comparison,ImageNet Baseline,validation,validation_macro_auroc,0.970545328130,outputs/raddino_convnext_tiny_three_model_comparison_seed42/tables/validation_metrics_comparison.csv,baseline,verified,
ROI three-model formal comparison,RAD-DINO CLS Proposed,validation,validation_macro_auroc,0.970225621942,outputs/raddino_convnext_tiny_three_model_comparison_seed42/tables/validation_metrics_comparison.csv,cls_proposed,verified,
ROI three-model formal comparison,RAD-DINO Patch Proposed,validation,validation_macro_auroc,0.970020735287,outputs/raddino_convnext_tiny_three_model_comparison_seed42/tables/validation_metrics_comparison.csv,patch_proposed,verified,
ROI three-model formal comparison,cls_minus_baseline,validation,validation_macro_auroc_difference,-0.000319706189,outputs/raddino_convnext_tiny_three_model_comparison_seed42/tables/validation_metrics_comparison.csv,cls_minus_baseline,verified,
ROI three-model formal comparison,patch_minus_baseline,validation,validation_macro_auroc_difference,-0.000524592843,outputs/raddino_convnext_tiny_three_model_comparison_seed42/tables/validation_metrics_comparison.csv,patch_minus_baseline,verified,
ROI three-model formal comparison,patch_minus_cls,validation,validation_macro_auroc_difference,-0.000204886655,outputs/raddino_convnext_tiny_three_model_comparison_seed42/tables/validation_metrics_comparison.csv,patch_minus_cls,verified,
ROI three-model cluster bootstrap,cls_minus_baseline,test,accuracy_point_difference,-0.006607929515,outputs/raddino_convnext_tiny_three_model_comparison_seed42/statistics/cluster_bootstrap_results.csv,point_estimate_first_minus_second,verified,"95% CI=[-0.030769927536, 0.015789473684]; ci_includes_zero=TRUE; cluster_unit=source_image_id; cluster_count=59; seed=42"
ROI three-model cluster bootstrap,cls_minus_baseline,test,macro_f1_point_difference,-0.006251386644,outputs/raddino_convnext_tiny_three_model_comparison_seed42/statistics/cluster_bootstrap_results.csv,point_estimate_first_minus_second,verified,"95% CI=[-0.030895667806, 0.015569776605]; ci_includes_zero=TRUE; cluster_unit=source_image_id; cluster_count=59; seed=42"
ROI three-model cluster bootstrap,cls_minus_baseline,test,weighted_f1_point_difference,-0.006018367664,outputs/raddino_convnext_tiny_three_model_comparison_seed42/statistics/cluster_bootstrap_results.csv,point_estimate_first_minus_second,verified,"95% CI=[-0.034069006804, 0.016931740776]; ci_includes_zero=TRUE; cluster_unit=source_image_id; cluster_count=59; seed=42"
ROI three-model cluster bootstrap,cls_minus_baseline,test,macro_auroc_point_difference,0.002244316834,outputs/raddino_convnext_tiny_three_model_comparison_seed42/statistics/cluster_bootstrap_results.csv,point_estimate_first_minus_second,verified,"95% CI=[-0.003352231600, 0.007290816853]; ci_includes_zero=TRUE; cluster_unit=source_image_id; cluster_count=59; seed=42"
ROI three-model cluster bootstrap,patch_minus_baseline,test,accuracy_point_difference,0.000000000000,outputs/raddino_convnext_tiny_three_model_comparison_seed42/statistics/cluster_bootstrap_results.csv,point_estimate_first_minus_second,verified,"95% CI=[-0.023986045537, 0.026727549316]; ci_includes_zero=TRUE; cluster_unit=source_image_id; cluster_count=59; seed=42"
ROI three-model cluster bootstrap,patch_minus_baseline,test,macro_f1_point_difference,-0.002740209143,outputs/raddino_convnext_tiny_three_model_comparison_seed42/statistics/cluster_bootstrap_results.csv,point_estimate_first_minus_second,verified,"95% CI=[-0.028549714353, 0.022868364608]; ci_includes_zero=TRUE; cluster_unit=source_image_id; cluster_count=59; seed=42"
ROI three-model cluster bootstrap,patch_minus_baseline,test,weighted_f1_point_difference,0.001352145514,outputs/raddino_convnext_tiny_three_model_comparison_seed42/statistics/cluster_bootstrap_results.csv,point_estimate_first_minus_second,verified,"95% CI=[-0.024854160144, 0.028199338993]; ci_includes_zero=TRUE; cluster_unit=source_image_id; cluster_count=59; seed=42"
ROI three-model cluster bootstrap,patch_minus_baseline,test,macro_auroc_point_difference,0.002160562455,outputs/raddino_convnext_tiny_three_model_comparison_seed42/statistics/cluster_bootstrap_results.csv,point_estimate_first_minus_second,verified,"95% CI=[-0.006250717996, 0.010777456840]; ci_includes_zero=TRUE; cluster_unit=source_image_id; cluster_count=59; seed=42"
ROI three-model cluster bootstrap,patch_minus_cls,test,accuracy_point_difference,0.006607929515,outputs/raddino_convnext_tiny_three_model_comparison_seed42/statistics/cluster_bootstrap_results.csv,point_estimate_first_minus_second,verified,"95% CI=[-0.020179938397, 0.028283304746]; ci_includes_zero=TRUE; cluster_unit=source_image_id; cluster_count=59; seed=42"
ROI three-model cluster bootstrap,patch_minus_cls,test,macro_f1_point_difference,0.003511177502,outputs/raddino_convnext_tiny_three_model_comparison_seed42/statistics/cluster_bootstrap_results.csv,point_estimate_first_minus_second,verified,"95% CI=[-0.025049546407, 0.027493963367]; ci_includes_zero=TRUE; cluster_unit=source_image_id; cluster_count=59; seed=42"
ROI three-model cluster bootstrap,patch_minus_cls,test,weighted_f1_point_difference,0.007370513177,outputs/raddino_convnext_tiny_three_model_comparison_seed42/statistics/cluster_bootstrap_results.csv,point_estimate_first_minus_second,verified,"95% CI=[-0.023130412620, 0.034038887993]; ci_includes_zero=TRUE; cluster_unit=source_image_id; cluster_count=59; seed=42"
ROI three-model cluster bootstrap,patch_minus_cls,test,macro_auroc_point_difference,-0.000083754379,outputs/raddino_convnext_tiny_three_model_comparison_seed42/statistics/cluster_bootstrap_results.csv,point_estimate_first_minus_second,verified,"95% CI=[-0.005262070189, 0.005070785840]; ci_includes_zero=TRUE; cluster_unit=source_image_id; cluster_count=59; seed=42"
ROI three-model formal comparison,ImageNet Baseline,test,F1_Aortic enlargement,0.987179487179,outputs/raddino_convnext_tiny_three_model_comparison_seed42/tables/per_class_f1_comparison.csv,baseline,verified,
ROI three-model formal comparison,RAD-DINO CLS Proposed,test,F1_Aortic enlargement,0.987179487179,outputs/raddino_convnext_tiny_three_model_comparison_seed42/tables/per_class_f1_comparison.csv,cls_proposed,verified,
ROI three-model formal comparison,RAD-DINO Patch Proposed,test,F1_Aortic enlargement,0.987179487179,outputs/raddino_convnext_tiny_three_model_comparison_seed42/tables/per_class_f1_comparison.csv,patch_proposed,verified,
ROI three-model formal comparison,ImageNet Baseline,test,F1_Cardiomegaly,0.987179487179,outputs/raddino_convnext_tiny_three_model_comparison_seed42/tables/per_class_f1_comparison.csv,baseline,verified,
ROI three-model formal comparison,RAD-DINO CLS Proposed,test,F1_Cardiomegaly,0.993548387097,outputs/raddino_convnext_tiny_three_model_comparison_seed42/tables/per_class_f1_comparison.csv,cls_proposed,verified,
ROI three-model formal comparison,RAD-DINO Patch Proposed,test,F1_Cardiomegaly,0.993548387097,outputs/raddino_convnext_tiny_three_model_comparison_seed42/tables/per_class_f1_comparison.csv,patch_proposed,verified,
ROI three-model formal comparison,ImageNet Baseline,test,F1_Pleural thickening,0.545454545455,outputs/raddino_convnext_tiny_three_model_comparison_seed42/tables/per_class_f1_comparison.csv,baseline,verified,
ROI three-model formal comparison,RAD-DINO CLS Proposed,test,F1_Pleural thickening,0.541666666667,outputs/raddino_convnext_tiny_three_model_comparison_seed42/tables/per_class_f1_comparison.csv,cls_proposed,verified,
ROI three-model formal comparison,RAD-DINO Patch Proposed,test,F1_Pleural thickening,0.601851851852,outputs/raddino_convnext_tiny_three_model_comparison_seed42/tables/per_class_f1_comparison.csv,patch_proposed,verified,
ROI three-model formal comparison,ImageNet Baseline,test,F1_Pulmonary fibrosis,0.864628820961,outputs/raddino_convnext_tiny_three_model_comparison_seed42/tables/per_class_f1_comparison.csv,baseline,verified,
ROI three-model formal comparison,RAD-DINO CLS Proposed,test,F1_Pulmonary fibrosis,0.862068965517,outputs/raddino_convnext_tiny_three_model_comparison_seed42/tables/per_class_f1_comparison.csv,cls_proposed,verified,
ROI three-model formal comparison,RAD-DINO Patch Proposed,test,F1_Pulmonary fibrosis,0.864406779661,outputs/raddino_convnext_tiny_three_model_comparison_seed42/tables/per_class_f1_comparison.csv,patch_proposed,verified,
ROI three-model formal comparison,ImageNet Baseline,test,F1_Pleural effusion,0.655555555556,outputs/raddino_convnext_tiny_three_model_comparison_seed42/tables/per_class_f1_comparison.csv,baseline,verified,
ROI three-model formal comparison,RAD-DINO CLS Proposed,test,F1_Pleural effusion,0.624277456647,outputs/raddino_convnext_tiny_three_model_comparison_seed42/tables/per_class_f1_comparison.csv,cls_proposed,verified,
ROI three-model formal comparison,RAD-DINO Patch Proposed,test,F1_Pleural effusion,0.579310344828,outputs/raddino_convnext_tiny_three_model_comparison_seed42/tables/per_class_f1_comparison.csv,patch_proposed,verified,
Phase1 CLS distillation,ConvNeXt-Tiny CLS student,train_or_test,Status,PASS,outputs/raddino_convnext_tiny_experiment_seed42/phase1_distillation/phase1_training_summary.md,summary_line,verified,
Phase1 CLS distillation,ConvNeXt-Tiny CLS student,train_or_test,Completed_epochs,30,outputs/raddino_convnext_tiny_experiment_seed42/phase1_distillation/phase1_training_summary.md,summary_line,verified,
Phase1 CLS distillation,ConvNeXt-Tiny CLS student,train_or_test,Best_epoch,30,outputs/raddino_convnext_tiny_experiment_seed42/phase1_distillation/phase1_training_summary.md,summary_line,verified,
Phase1 CLS distillation,ConvNeXt-Tiny CLS student,train_or_test,Best_average_distillation_loss,0.0003958256,outputs/raddino_convnext_tiny_experiment_seed42/phase1_distillation/phase1_training_summary.md,summary_line,verified,
Phase1 CLS distillation,ConvNeXt-Tiny CLS student,train_or_test,Best_average_cosine_similarity,0.8480030057,outputs/raddino_convnext_tiny_experiment_seed42/phase1_distillation/phase1_training_summary.md,summary_line,verified,
Phase1 CLS distillation,ConvNeXt-Tiny CLS student,train_or_test,Last_epoch_loss,0.0003958256,outputs/raddino_convnext_tiny_experiment_seed42/phase1_distillation/phase1_training_summary.md,summary_line,verified,
Phase1 CLS distillation,ConvNeXt-Tiny CLS student,train_or_test,Peak_allocated_VRAM_GB,5.429,outputs/raddino_convnext_tiny_experiment_seed42/phase1_distillation/phase1_training_summary.md,summary_line,verified,
Phase1 CLS distillation,ConvNeXt-Tiny CLS student,train_or_test,Peak_reserved_VRAM_GB,5.713,outputs/raddino_convnext_tiny_experiment_seed42/phase1_distillation/phase1_training_summary.md,summary_line,verified,
Phase1 CLS distillation,ConvNeXt-Tiny CLS student,train_or_test,Class_labels_used_in_loss,False,outputs/raddino_convnext_tiny_experiment_seed42/phase1_distillation/phase1_training_summary.md,summary_line,verified,
Phase1 CLS distillation,ConvNeXt-Tiny CLS student,train_or_test,NaN/Inf/non-finite_gradient,False,outputs/raddino_convnext_tiny_experiment_seed42/phase1_distillation/phase1_training_summary.md,summary_line,verified,
Phase1 Patch distillation,ConvNeXt-Tiny patch student,train_or_test,Loss,float32 MSE after L2 normalization along channel dimension 1 at each spatial position.,outputs/raddino_convnext_tiny_patch_experiment_seed42/phase1_patch_distillation/phase1_patch_training_summary.md,summary_line,verified,
Phase1 Patch distillation,ConvNeXt-Tiny patch student,train_or_test,Status,PASS,outputs/raddino_convnext_tiny_patch_experiment_seed42/phase1_patch_distillation/phase1_patch_training_summary.md,summary_line,verified,
Phase1 Patch distillation,ConvNeXt-Tiny patch student,train_or_test,Completed_epochs,84,outputs/raddino_convnext_tiny_patch_experiment_seed42/phase1_patch_distillation/phase1_patch_training_summary.md,summary_line,verified,
Phase1 Patch distillation,ConvNeXt-Tiny patch student,train_or_test,Best_epoch,84,outputs/raddino_convnext_tiny_patch_experiment_seed42/phase1_patch_distillation/phase1_patch_training_summary.md,summary_line,verified,
Phase1 Patch distillation,ConvNeXt-Tiny patch student,train_or_test,Epoch_1,"train MSE=0.0014955984, monitor MSE=0.0010347193, train cosine=0.42569020, monitor cosine=0.60266780",outputs/raddino_convnext_tiny_patch_experiment_seed42/phase1_patch_distillation/phase1_patch_training_summary.md,summary_line,verified,
Phase1 Patch distillation,ConvNeXt-Tiny patch student,train_or_test,Epoch_30,"train MSE=0.0003931028, monitor MSE=0.0003487454, train cosine=0.84904855, monitor cosine=0.86608180",outputs/raddino_convnext_tiny_patch_experiment_seed42/phase1_patch_distillation/phase1_patch_training_summary.md,summary_line,verified,
Phase1 Patch distillation,ConvNeXt-Tiny patch student,train_or_test,Epoch_60,"train MSE=0.0003191234, monitor MSE=0.0002798083, train cosine=0.87745666, monitor cosine=0.89255364",outputs/raddino_convnext_tiny_patch_experiment_seed42/phase1_patch_distillation/phase1_patch_training_summary.md,summary_line,verified,
Phase1 Patch distillation,ConvNeXt-Tiny patch student,train_or_test,Epoch_84,"train MSE=0.0003018571, monitor MSE=0.0002644237, train cosine=0.88408693, monitor cosine=0.89846133",outputs/raddino_convnext_tiny_patch_experiment_seed42/phase1_patch_distillation/phase1_patch_training_summary.md,summary_line,verified,
Phase1 Patch distillation,ConvNeXt-Tiny patch student,train_or_test,Best_monitor_patch_cosine,0.89846133,outputs/raddino_convnext_tiny_patch_experiment_seed42/phase1_patch_distillation/phase1_patch_training_summary.md,summary_line,verified,
Phase1 Patch distillation,ConvNeXt-Tiny patch student,train_or_test,Recent_5-epoch_MSE_change/slope,0.0000010280 / -0.0000002863,outputs/raddino_convnext_tiny_patch_experiment_seed42/phase1_patch_distillation/phase1_patch_training_summary.md,summary_line,verified,
Phase1 Patch distillation,ConvNeXt-Tiny patch student,train_or_test,Recent_10-epoch_MSE_change/slope,0.0000033184 / -0.0000003719,outputs/raddino_convnext_tiny_patch_experiment_seed42/phase1_patch_distillation/phase1_patch_training_summary.md,summary_line,verified,
Phase1 Patch distillation,ConvNeXt-Tiny patch student,train_or_test,Loss_still_decreasing_after_epoch_60,True,outputs/raddino_convnext_tiny_patch_experiment_seed42/phase1_patch_distillation/phase1_patch_training_summary.md,summary_line,verified,
Phase1 Patch distillation,ConvNeXt-Tiny patch student,train_or_test,Training_wall_time_seconds,1774.709,outputs/raddino_convnext_tiny_patch_experiment_seed42/phase1_patch_distillation/phase1_patch_training_summary.md,summary_line,verified,
Phase1 Patch distillation,ConvNeXt-Tiny patch student,train_or_test,Peak_allocated/reserved_VRAM_bytes,5875300864 / 6197084160,outputs/raddino_convnext_tiny_patch_experiment_seed42/phase1_patch_distillation/phase1_patch_training_summary.md,summary_line,verified,
Phase1 Patch distillation,ConvNeXt-Tiny patch student,train_or_test,OOM/NaN/Inf/non-finite_gradient,0/0/0/0,outputs/raddino_convnext_tiny_patch_experiment_seed42/phase1_patch_distillation/phase1_patch_training_summary.md,summary_line,verified,
Full-image multilabel patch transfer,ConvNeXt-Tiny full-image multilabel,train_or_test,Status,**PASS**,outputs/full_image_224_multilabel_seed42/phase2_patch_transfer/summary.md,summary_line,verified,
Full-image multilabel patch transfer,ConvNeXt-Tiny full-image multilabel,train_or_test,Completed_epochs,38,outputs/full_image_224_multilabel_seed42/phase2_patch_transfer/summary.md,summary_line,verified,
Full-image multilabel patch transfer,ConvNeXt-Tiny full-image multilabel,train_or_test,Best_epoch,28,outputs/full_image_224_multilabel_seed42/phase2_patch_transfer/summary.md,summary_line,verified,
Full-image multilabel patch transfer,ConvNeXt-Tiny full-image multilabel,train_or_test,Best_Validation_Macro-AUROC,0.86420980,outputs/full_image_224_multilabel_seed42/phase2_patch_transfer/summary.md,summary_line,verified,
Full-image multilabel patch transfer,ConvNeXt-Tiny full-image multilabel,train_or_test,Test_Macro/Micro_AUROC,0.76599896 / 0.77597403,outputs/full_image_224_multilabel_seed42/phase2_patch_transfer/summary.md,summary_line,verified,
Full-image multilabel patch transfer,ConvNeXt-Tiny full-image multilabel,train_or_test,Test_Macro/Micro_AP,0.82285964 / 0.82862317,outputs/full_image_224_multilabel_seed42/phase2_patch_transfer/summary.md,summary_line,verified,
Full-image multilabel patch transfer,ConvNeXt-Tiny full-image multilabel,train_or_test,Test_Macro/Micro_F1,0.78650857 / 0.78589421,outputs/full_image_224_multilabel_seed42/phase2_patch_transfer/summary.md,summary_line,verified,
Full-image multilabel patch transfer,ConvNeXt-Tiny full-image multilabel,train_or_test,Recorded_epoch_training_seconds,1605.73,outputs/full_image_224_multilabel_seed42/phase2_patch_transfer/summary.md,summary_line,verified,
Full-image multilabel patch transfer,ConvNeXt-Tiny full-image multilabel,train_or_test,Audited_peak_allocated_VRAM_bytes,4396964352,outputs/full_image_224_multilabel_seed42/phase2_patch_transfer/summary.md,summary_line,verified,
Full-image multilabel patch transfer,ConvNeXt-Tiny full-image multilabel,train_or_test,NaN_/_Inf_/_OOM,0 / 0 / 0,outputs/full_image_224_multilabel_seed42/phase2_patch_transfer/summary.md,summary_line,verified,
Full-image multilabel patch transfer,ConvNeXt-Tiny patch-transfer,test,best_epoch,28,outputs/full_image_224_multilabel_seed42/phase2_patch_transfer/test_metrics.json,best_epoch,verified,
Full-image multilabel patch transfer,ConvNeXt-Tiny patch-transfer,test,exact_match_subset_accuracy,0.1694915254237288,outputs/full_image_224_multilabel_seed42/phase2_patch_transfer/test_metrics.json,exact_match_subset_accuracy,verified,
Full-image multilabel patch transfer,ConvNeXt-Tiny patch-transfer,test,hamming_loss,0.288135593220339,outputs/full_image_224_multilabel_seed42/phase2_patch_transfer/test_metrics.json,hamming_loss,verified,
Full-image multilabel patch transfer,ConvNeXt-Tiny patch-transfer,test,macro_auroc,0.7659989648033126,outputs/full_image_224_multilabel_seed42/phase2_patch_transfer/test_metrics.json,macro_auroc,verified,
Full-image multilabel patch transfer,ConvNeXt-Tiny patch-transfer,test,macro_average_precision,0.8228596445535636,outputs/full_image_224_multilabel_seed42/phase2_patch_transfer/test_metrics.json,macro_average_precision,verified,
Full-image multilabel patch transfer,ConvNeXt-Tiny patch-transfer,test,macro_f1,0.7865085676876251,outputs/full_image_224_multilabel_seed42/phase2_patch_transfer/test_metrics.json,macro_f1,verified,
Full-image multilabel patch transfer,ConvNeXt-Tiny patch-transfer,test,macro_precision,0.7110594943759756,outputs/full_image_224_multilabel_seed42/phase2_patch_transfer/test_metrics.json,macro_precision,verified,
Full-image multilabel patch transfer,ConvNeXt-Tiny patch-transfer,test,macro_recall,0.8860317460317461,outputs/full_image_224_multilabel_seed42/phase2_patch_transfer/test_metrics.json,macro_recall,verified,
Full-image multilabel patch transfer,ConvNeXt-Tiny patch-transfer,test,micro_auroc,0.7759740259740261,outputs/full_image_224_multilabel_seed42/phase2_patch_transfer/test_metrics.json,micro_auroc,verified,
Full-image multilabel patch transfer,ConvNeXt-Tiny patch-transfer,test,micro_average_precision,0.8286231742528302,outputs/full_image_224_multilabel_seed42/phase2_patch_transfer/test_metrics.json,micro_average_precision,verified,
Full-image multilabel patch transfer,ConvNeXt-Tiny patch-transfer,test,micro_f1,0.7858942065491183,outputs/full_image_224_multilabel_seed42/phase2_patch_transfer/test_metrics.json,micro_f1,verified,
Full-image multilabel patch transfer,ConvNeXt-Tiny patch-transfer,test,micro_precision,0.7058823529411765,outputs/full_image_224_multilabel_seed42/phase2_patch_transfer/test_metrics.json,micro_precision,verified,
Full-image multilabel patch transfer,ConvNeXt-Tiny patch-transfer,test,micro_recall,0.8863636363636364,outputs/full_image_224_multilabel_seed42/phase2_patch_transfer/test_metrics.json,micro_recall,verified,
Full-image multilabel patch transfer,ConvNeXt-Tiny patch-transfer,test,samples_f1,0.7700026903416732,outputs/full_image_224_multilabel_seed42/phase2_patch_transfer/test_metrics.json,samples_f1,verified,
Full-image multilabel patch transfer,ConvNeXt-Tiny patch-transfer,test,status,PASS,outputs/full_image_224_multilabel_seed42/phase2_patch_transfer/test_metrics.json,status,verified,
Full-image multilabel patch transfer,ConvNeXt-Tiny patch-transfer,test,test_evaluation_count,1,outputs/full_image_224_multilabel_seed42/phase2_patch_transfer/test_metrics.json,test_evaluation_count,verified,
Full-image multilabel patch transfer,ConvNeXt-Tiny patch-transfer,test,test_loss,0.5563133955001831,outputs/full_image_224_multilabel_seed42/phase2_patch_transfer/test_metrics.json,test_loss,verified,
Full-image multilabel patch transfer,ConvNeXt-Tiny patch-transfer,test,threshold_source,validation,outputs/full_image_224_multilabel_seed42/phase2_patch_transfer/test_metrics.json,threshold_source,verified,
Full-image multilabel patch transfer,ConvNeXt-Tiny patch-transfer,test,weighted_f1,0.7864302648753504,outputs/full_image_224_multilabel_seed42/phase2_patch_transfer/test_metrics.json,weighted_f1,verified,
Full-image multilabel patch transfer,ConvNeXt-Tiny patch-transfer,test,threshold_Aortic enlargement,0.5,outputs/full_image_224_multilabel_seed42/phase2_patch_transfer/per_class_test_metrics.csv,threshold,verified,
Full-image multilabel patch transfer,ConvNeXt-Tiny patch-transfer,test,precision_Aortic enlargement,0.6590909090909091,outputs/full_image_224_multilabel_seed42/phase2_patch_transfer/per_class_test_metrics.csv,precision,verified,
Full-image multilabel patch transfer,ConvNeXt-Tiny patch-transfer,test,recall_Aortic enlargement,0.8285714285714286,outputs/full_image_224_multilabel_seed42/phase2_patch_transfer/per_class_test_metrics.csv,recall,verified,
Full-image multilabel patch transfer,ConvNeXt-Tiny patch-transfer,test,f1_Aortic enlargement,0.7341772151898734,outputs/full_image_224_multilabel_seed42/phase2_patch_transfer/per_class_test_metrics.csv,f1,verified,
Full-image multilabel patch transfer,ConvNeXt-Tiny patch-transfer,test,auroc_Aortic enlargement,0.7345238095238096,outputs/full_image_224_multilabel_seed42/phase2_patch_transfer/per_class_test_metrics.csv,auroc,verified,
Full-image multilabel patch transfer,ConvNeXt-Tiny patch-transfer,test,average_precision_Aortic enlargement,0.7939444218897183,outputs/full_image_224_multilabel_seed42/phase2_patch_transfer/per_class_test_metrics.csv,average_precision,verified,
Full-image multilabel patch transfer,ConvNeXt-Tiny patch-transfer,test,tp_Aortic enlargement,29,outputs/full_image_224_multilabel_seed42/phase2_patch_transfer/per_class_test_metrics.csv,tp,verified,
Full-image multilabel patch transfer,ConvNeXt-Tiny patch-transfer,test,tn_Aortic enlargement,9,outputs/full_image_224_multilabel_seed42/phase2_patch_transfer/per_class_test_metrics.csv,tn,verified,
Full-image multilabel patch transfer,ConvNeXt-Tiny patch-transfer,test,fp_Aortic enlargement,15,outputs/full_image_224_multilabel_seed42/phase2_patch_transfer/per_class_test_metrics.csv,fp,verified,
Full-image multilabel patch transfer,ConvNeXt-Tiny patch-transfer,test,fn_Aortic enlargement,6,outputs/full_image_224_multilabel_seed42/phase2_patch_transfer/per_class_test_metrics.csv,fn,verified,
Full-image multilabel patch transfer,ConvNeXt-Tiny patch-transfer,test,threshold_Cardiomegaly,0.5,outputs/full_image_224_multilabel_seed42/phase2_patch_transfer/per_class_test_metrics.csv,threshold,verified,
Full-image multilabel patch transfer,ConvNeXt-Tiny patch-transfer,test,precision_Cardiomegaly,0.8055555555555556,outputs/full_image_224_multilabel_seed42/phase2_patch_transfer/per_class_test_metrics.csv,precision,verified,
Full-image multilabel patch transfer,ConvNeXt-Tiny patch-transfer,test,recall_Cardiomegaly,0.8285714285714286,outputs/full_image_224_multilabel_seed42/phase2_patch_transfer/per_class_test_metrics.csv,recall,verified,
Full-image multilabel patch transfer,ConvNeXt-Tiny patch-transfer,test,f1_Cardiomegaly,0.8169014084507042,outputs/full_image_224_multilabel_seed42/phase2_patch_transfer/per_class_test_metrics.csv,f1,verified,
Full-image multilabel patch transfer,ConvNeXt-Tiny patch-transfer,test,auroc_Cardiomegaly,0.8809523809523809,outputs/full_image_224_multilabel_seed42/phase2_patch_transfer/per_class_test_metrics.csv,auroc,verified,
Full-image multilabel patch transfer,ConvNeXt-Tiny patch-transfer,test,average_precision_Cardiomegaly,0.9203092649869572,outputs/full_image_224_multilabel_seed42/phase2_patch_transfer/per_class_test_metrics.csv,average_precision,verified,
Full-image multilabel patch transfer,ConvNeXt-Tiny patch-transfer,test,tp_Cardiomegaly,29,outputs/full_image_224_multilabel_seed42/phase2_patch_transfer/per_class_test_metrics.csv,tp,verified,
Full-image multilabel patch transfer,ConvNeXt-Tiny patch-transfer,test,tn_Cardiomegaly,17,outputs/full_image_224_multilabel_seed42/phase2_patch_transfer/per_class_test_metrics.csv,tn,verified,
Full-image multilabel patch transfer,ConvNeXt-Tiny patch-transfer,test,fp_Cardiomegaly,7,outputs/full_image_224_multilabel_seed42/phase2_patch_transfer/per_class_test_metrics.csv,fp,verified,
Full-image multilabel patch transfer,ConvNeXt-Tiny patch-transfer,test,fn_Cardiomegaly,6,outputs/full_image_224_multilabel_seed42/phase2_patch_transfer/per_class_test_metrics.csv,fn,verified,
Full-image multilabel patch transfer,ConvNeXt-Tiny patch-transfer,test,threshold_Pleural thickening,0.39,outputs/full_image_224_multilabel_seed42/phase2_patch_transfer/per_class_test_metrics.csv,threshold,verified,
Full-image multilabel patch transfer,ConvNeXt-Tiny patch-transfer,test,precision_Pleural thickening,0.6976744186046512,outputs/full_image_224_multilabel_seed42/phase2_patch_transfer/per_class_test_metrics.csv,precision,verified,
Full-image multilabel patch transfer,ConvNeXt-Tiny patch-transfer,test,recall_Pleural thickening,0.8571428571428571,outputs/full_image_224_multilabel_seed42/phase2_patch_transfer/per_class_test_metrics.csv,recall,verified,
Full-image multilabel patch transfer,ConvNeXt-Tiny patch-transfer,test,f1_Pleural thickening,0.7692307692307693,outputs/full_image_224_multilabel_seed42/phase2_patch_transfer/per_class_test_metrics.csv,f1,verified,
Full-image multilabel patch transfer,ConvNeXt-Tiny patch-transfer,test,auroc_Pleural thickening,0.7196428571428571,outputs/full_image_224_multilabel_seed42/phase2_patch_transfer/per_class_test_metrics.csv,auroc,verified,
Full-image multilabel patch transfer,ConvNeXt-Tiny patch-transfer,test,average_precision_Pleural thickening,0.7473159806721861,outputs/full_image_224_multilabel_seed42/phase2_patch_transfer/per_class_test_metrics.csv,average_precision,verified,
Full-image multilabel patch transfer,ConvNeXt-Tiny patch-transfer,test,tp_Pleural thickening,30,outputs/full_image_224_multilabel_seed42/phase2_patch_transfer/per_class_test_metrics.csv,tp,verified,
Full-image multilabel patch transfer,ConvNeXt-Tiny patch-transfer,test,tn_Pleural thickening,11,outputs/full_image_224_multilabel_seed42/phase2_patch_transfer/per_class_test_metrics.csv,tn,verified,
Full-image multilabel patch transfer,ConvNeXt-Tiny patch-transfer,test,fp_Pleural thickening,13,outputs/full_image_224_multilabel_seed42/phase2_patch_transfer/per_class_test_metrics.csv,fp,verified,
Full-image multilabel patch transfer,ConvNeXt-Tiny patch-transfer,test,fn_Pleural thickening,5,outputs/full_image_224_multilabel_seed42/phase2_patch_transfer/per_class_test_metrics.csv,fn,verified,
Full-image multilabel patch transfer,ConvNeXt-Tiny patch-transfer,test,threshold_Pulmonary fibrosis,0.36,outputs/full_image_224_multilabel_seed42/phase2_patch_transfer/per_class_test_metrics.csv,threshold,verified,
Full-image multilabel patch transfer,ConvNeXt-Tiny patch-transfer,test,precision_Pulmonary fibrosis,0.6538461538461539,outputs/full_image_224_multilabel_seed42/phase2_patch_transfer/per_class_test_metrics.csv,precision,verified,
Full-image multilabel patch transfer,ConvNeXt-Tiny patch-transfer,test,recall_Pulmonary fibrosis,0.9444444444444444,outputs/full_image_224_multilabel_seed42/phase2_patch_transfer/per_class_test_metrics.csv,recall,verified,
Full-image multilabel patch transfer,ConvNeXt-Tiny patch-transfer,test,f1_Pulmonary fibrosis,0.7727272727272727,outputs/full_image_224_multilabel_seed42/phase2_patch_transfer/per_class_test_metrics.csv,f1,verified,
Full-image multilabel patch transfer,ConvNeXt-Tiny patch-transfer,test,auroc_Pulmonary fibrosis,0.6413043478260869,outputs/full_image_224_multilabel_seed42/phase2_patch_transfer/per_class_test_metrics.csv,auroc,verified,
Full-image multilabel patch transfer,ConvNeXt-Tiny patch-transfer,test,average_precision_Pulmonary fibrosis,0.7647707715589918,outputs/full_image_224_multilabel_seed42/phase2_patch_transfer/per_class_test_metrics.csv,average_precision,verified,
Full-image multilabel patch transfer,ConvNeXt-Tiny patch-transfer,test,tp_Pulmonary fibrosis,34,outputs/full_image_224_multilabel_seed42/phase2_patch_transfer/per_class_test_metrics.csv,tp,verified,
Full-image multilabel patch transfer,ConvNeXt-Tiny patch-transfer,test,tn_Pulmonary fibrosis,5,outputs/full_image_224_multilabel_seed42/phase2_patch_transfer/per_class_test_metrics.csv,tn,verified,
Full-image multilabel patch transfer,ConvNeXt-Tiny patch-transfer,test,fp_Pulmonary fibrosis,18,outputs/full_image_224_multilabel_seed42/phase2_patch_transfer/per_class_test_metrics.csv,fp,verified,
Full-image multilabel patch transfer,ConvNeXt-Tiny patch-transfer,test,fn_Pulmonary fibrosis,2,outputs/full_image_224_multilabel_seed42/phase2_patch_transfer/per_class_test_metrics.csv,fn,verified,
Full-image multilabel patch transfer,ConvNeXt-Tiny patch-transfer,test,threshold_Pleural effusion,0.34,outputs/full_image_224_multilabel_seed42/phase2_patch_transfer/per_class_test_metrics.csv,threshold,verified,
Full-image multilabel patch transfer,ConvNeXt-Tiny patch-transfer,test,precision_Pleural effusion,0.7391304347826086,outputs/full_image_224_multilabel_seed42/phase2_patch_transfer/per_class_test_metrics.csv,precision,verified,
Full-image multilabel patch transfer,ConvNeXt-Tiny patch-transfer,test,recall_Pleural effusion,0.9714285714285714,outputs/full_image_224_multilabel_seed42/phase2_patch_transfer/per_class_test_metrics.csv,recall,verified,
Full-image multilabel patch transfer,ConvNeXt-Tiny patch-transfer,test,f1_Pleural effusion,0.8395061728395061,outputs/full_image_224_multilabel_seed42/phase2_patch_transfer/per_class_test_metrics.csv,f1,verified,
Full-image multilabel patch transfer,ConvNeXt-Tiny patch-transfer,test,auroc_Pleural effusion,0.8535714285714285,outputs/full_image_224_multilabel_seed42/phase2_patch_transfer/per_class_test_metrics.csv,auroc,verified,
Full-image multilabel patch transfer,ConvNeXt-Tiny patch-transfer,test,average_precision_Pleural effusion,0.8879577836599647,outputs/full_image_224_multilabel_seed42/phase2_patch_transfer/per_class_test_metrics.csv,average_precision,verified,
Full-image multilabel patch transfer,ConvNeXt-Tiny patch-transfer,test,tp_Pleural effusion,34,outputs/full_image_224_multilabel_seed42/phase2_patch_transfer/per_class_test_metrics.csv,tp,verified,
Full-image multilabel patch transfer,ConvNeXt-Tiny patch-transfer,test,tn_Pleural effusion,12,outputs/full_image_224_multilabel_seed42/phase2_patch_transfer/per_class_test_metrics.csv,tn,verified,
Full-image multilabel patch transfer,ConvNeXt-Tiny patch-transfer,test,fp_Pleural effusion,12,outputs/full_image_224_multilabel_seed42/phase2_patch_transfer/per_class_test_metrics.csv,fp,verified,
Full-image multilabel patch transfer,ConvNeXt-Tiny patch-transfer,test,fn_Pleural effusion,1,outputs/full_image_224_multilabel_seed42/phase2_patch_transfer/per_class_test_metrics.csv,fn,verified,
Full-image multilabel threshold tuning,ConvNeXt-Tiny patch-transfer,validation,threshold_Aortic enlargement,0.5,outputs/full_image_224_multilabel_seed42/phase2_patch_transfer/validation_selected_thresholds.json,thresholds.0,verified,selection_metric=per-class Validation F1; test_used=False
Full-image multilabel threshold tuning,ConvNeXt-Tiny patch-transfer,validation,threshold_Cardiomegaly,0.5,outputs/full_image_224_multilabel_seed42/phase2_patch_transfer/validation_selected_thresholds.json,thresholds.1,verified,selection_metric=per-class Validation F1; test_used=False
Full-image multilabel threshold tuning,ConvNeXt-Tiny patch-transfer,validation,threshold_Pleural thickening,0.39,outputs/full_image_224_multilabel_seed42/phase2_patch_transfer/validation_selected_thresholds.json,thresholds.2,verified,selection_metric=per-class Validation F1; test_used=False
Full-image multilabel threshold tuning,ConvNeXt-Tiny patch-transfer,validation,threshold_Pulmonary fibrosis,0.36,outputs/full_image_224_multilabel_seed42/phase2_patch_transfer/validation_selected_thresholds.json,thresholds.3,verified,selection_metric=per-class Validation F1; test_used=False
Full-image multilabel threshold tuning,ConvNeXt-Tiny patch-transfer,validation,threshold_Pleural effusion,0.34,outputs/full_image_224_multilabel_seed42/phase2_patch_transfer/validation_selected_thresholds.json,thresholds.4,verified,selection_metric=per-class Validation F1; test_used=False
Full-image multilabel threshold tuning,ConvNeXt-Tiny patch-transfer,validation,threshold_validation_f1_Aortic enlargement,0.8493150684931506,outputs/full_image_224_multilabel_seed42/phase2_patch_transfer/validation_selected_thresholds.json,per_class_audit.validation_f1,verified,
Full-image multilabel threshold tuning,ConvNeXt-Tiny patch-transfer,validation,threshold_validation_f1_Cardiomegaly,0.9333333333333333,outputs/full_image_224_multilabel_seed42/phase2_patch_transfer/validation_selected_thresholds.json,per_class_audit.validation_f1,verified,
Full-image multilabel threshold tuning,ConvNeXt-Tiny patch-transfer,validation,threshold_validation_f1_Pleural thickening,0.8767123287671232,outputs/full_image_224_multilabel_seed42/phase2_patch_transfer/validation_selected_thresholds.json,per_class_audit.validation_f1,verified,
Full-image multilabel threshold tuning,ConvNeXt-Tiny patch-transfer,validation,threshold_validation_f1_Pulmonary fibrosis,0.8,outputs/full_image_224_multilabel_seed42/phase2_patch_transfer/validation_selected_thresholds.json,per_class_audit.validation_f1,verified,
Full-image multilabel threshold tuning,ConvNeXt-Tiny patch-transfer,validation,threshold_validation_f1_Pleural effusion,0.8918918918918919,outputs/full_image_224_multilabel_seed42/phase2_patch_transfer/validation_selected_thresholds.json,per_class_audit.validation_f1,verified,
